<?xml version="1.0"?>
<gconf>
        <entry name="enable_arrows" mtime="1167735572" schema="/schemas/apps/panel/toplevels/enable_arrows"/>
        <entry name="auto_hide" mtime="1167735571" schema="/schemas/apps/panel/toplevels/auto_hide"/>
        <entry name="x" mtime="1167735571" schema="/schemas/apps/panel/toplevels/x"/>
        <entry name="monitor" mtime="1167735571" schema="/schemas/apps/panel/toplevels/monitor"/>
        <entry name="screen" mtime="1167735571" schema="/schemas/apps/panel/toplevels/screen" type="int" value="0">
        </entry>
        <entry name="orientation" mtime="1167735571" schema="/schemas/apps/panel/toplevels/orientation" type="string">
                <stringvalue>bottom</stringvalue>
        </entry>
        <entry name="auto_hide_size" mtime="1167735571" schema="/schemas/apps/panel/toplevels/auto_hide_size"/>
        <entry name="x_centered" mtime="1167735571" schema="/schemas/apps/panel/toplevels/x_centered"/>
        <entry name="y_centered" mtime="1167735571" schema="/schemas/apps/panel/toplevels/y_centered"/>
        <entry name="name" mtime="1167735571" schema="/schemas/apps/panel/toplevels/name"/>
        <entry name="expand" mtime="1167735570" schema="/schemas/apps/panel/toplevels/expand" type="bool" value="true">
        </entry>
        <entry name="size" mtime="1167735570" schema="/schemas/apps/panel/toplevels/size" type="int" value="24">
        </entry>
        <entry name="unhide_delay" mtime="1167735570" schema="/schemas/apps/panel/toplevels/unhide_delay"/>
        <entry name="hide_delay" mtime="1167735570" schema="/schemas/apps/panel/toplevels/hide_delay"/>
        <entry name="enable_buttons" mtime="1167735570" schema="/schemas/apps/panel/toplevels/enable_buttons"/>
        <entry name="enable_animations" mtime="1167735570" schema="/schemas/apps/panel/toplevels/enable_animations"/>
        <entry name="y" mtime="1167735570" schema="/schemas/apps/panel/toplevels/y"/>
</gconf>
