<?xml version="1.0"?>
<gconf>
        <entry name="slowkeys_beep_accept" mtime="1219923237" type="bool" value="true">
        </entry>
        <entry name="mousekeys_accel_time" mtime="1219923237" type="int" value="1200">
        </entry>
        <entry name="timeout" mtime="1219923237" type="int" value="120">
        </entry>
        <entry name="feature_state_change_beep" mtime="1219923237" type="bool" value="false">
        </entry>
        <entry name="stickykeys_enable" mtime="1219923237" type="bool" value="false">
        </entry>
        <entry name="slowkeys_beep_reject" mtime="1219923237" type="bool" value="false">
        </entry>
        <entry name="mousekeys_init_delay" mtime="1219923237" type="int" value="160">
        </entry>
        <entry name="togglekeys_enable" mtime="1219923237" type="bool" value="false">
        </entry>
        <entry name="bouncekeys_beep_reject" mtime="1219923237" type="bool" value="true">
        </entry>
        <entry name="slowkeys_enable" mtime="1219923237" type="bool" value="false">
        </entry>
        <entry name="mousekeys_enable" mtime="1219923237" type="bool" value="false">
        </entry>
        <entry name="bouncekeys_delay" mtime="1219923237" type="int" value="300">
        </entry>
        <entry name="enable" mtime="1219923237" type="bool" value="false">
        </entry>
        <entry name="slowkeys_beep_press" mtime="1219923237" type="bool" value="true">
        </entry>
        <entry name="mousekeys_max_speed" mtime="1219923237" type="int" value="750">
        </entry>
        <entry name="timeout_enable" mtime="1219923237" type="bool" value="false">
        </entry>
        <entry name="stickykeys_modifier_beep" mtime="1219923237" type="bool" value="true">
        </entry>
        <entry name="stickykeys_two_key_off" mtime="1219923237" type="bool" value="true">
        </entry>
        <entry name="slowkeys_delay" mtime="1219923237" type="int" value="300">
        </entry>
        <entry name="bouncekeys_enable" mtime="1219923237" type="bool" value="false">
        </entry>
</gconf>
