<?xml version="1.0"?>
<gconf>
        <entry name="toplevel_id_list" mtime="1171360025" type="list" ltype="string">
                <li type="string">
                        <stringvalue>top_panel_screen0</stringvalue>
                </li>
                <li type="string">
                        <stringvalue>bottom_panel_screen0</stringvalue>
                </li>
        </entry>
        <entry name="object_id_list" mtime="1171360024" type="list" ltype="string">
                <li type="string">
                        <stringvalue>menu_bar_screen0</stringvalue>
                </li>
                <li type="string">
                        <stringvalue>session_dialog_screen0</stringvalue>
                </li>
        </entry>
        <entry name="applet_id_list" mtime="1171360023" type="list" ltype="string">
                <li type="string">
                        <stringvalue>window_list_screen0</stringvalue>
                </li>
                <li type="string">
                        <stringvalue>show_desktop_button_screen0</stringvalue>
                </li>
                <li type="string">
                        <stringvalue>clock_screen0</stringvalue>
                </li>
                <li type="string">
                        <stringvalue>notification_area_screen0</stringvalue>
                </li>
                <li type="string">
                        <stringvalue>workspace_switcher_screen0</stringvalue>
                </li>
                <li type="string">
                        <stringvalue>mixer_screen0</stringvalue>
                </li>
                <li type="string">
                        <stringvalue>trashapplet_screen0</stringvalue>
                </li>
        </entry>
</gconf>
