<?xml version="1.0"?>
<gconf>
        <entry name="show_date" mtime="1167735553" schema="/schemas/apps/clock_applet/prefs/show_date"/>
        <entry name="internet_time" mtime="1167735553" schema="/schemas/apps/clock_applet/prefs/internet_time"/>
        <entry name="custom_format" mtime="1167735552" schema="/schemas/apps/clock_applet/prefs/custom_format"/>
        <entry name="show_week_numbers" mtime="1167735552" schema="/schemas/apps/clock_applet/prefs/show_week_numbers"/>
        <entry name="hour_format" mtime="1167735552" schema="/schemas/apps/clock_applet/prefs/hour_format"/>
        <entry name="unix_time" mtime="1167735552" schema="/schemas/apps/clock_applet/prefs/unix_time"/>
        <entry name="format" mtime="1167735552" schema="/schemas/apps/clock_applet/prefs/format"/>
        <entry name="gmt_time" mtime="1167735552" schema="/schemas/apps/clock_applet/prefs/gmt_time"/>
        <entry name="config_tool" mtime="1167735552" schema="/schemas/apps/clock_applet/prefs/config_tool"/>
        <entry name="show_tooltip" mtime="1167735552" schema="/schemas/apps/clock_applet/prefs/show_tooltip"/>
        <entry name="show_seconds" mtime="1167735551" schema="/schemas/apps/clock_applet/prefs/show_seconds"/>
</gconf>
